City_ID,City,Lat,Lng,Max Temp,Humidity,Cloudiness,Wind Speed,Country,Date
0,port-aux-francais,-49.35,70.2167,41.76,97,100,30.82,TF,1720634516
1,santa ana,33.7456,-117.8678,88.32,68,40,9.22,US,1720634316
2,georgetown,5.4112,100.3354,82.35,69,20,6.91,MY,1720634320
3,waitangi,-43.9535,-176.5597,46.81,91,100,11.99,NZ,1720634370
4,ribeira grande,38.5167,-28.7,79.2,57,20,14.0,PT,1720634522
5,tiksi,71.6872,128.8694,53.98,56,63,1.07,RU,1720634385
6,idrinskoye,54.3708,92.1358,59.72,81,100,3.27,RU,1720634525
7,san angelo,31.4638,-100.437,95.22,29,0,7.0,US,1720634526
8,nadym,65.5333,72.5167,61.48,60,1,6.26,RU,1720634528
9,puerto natales,-51.7236,-72.4875,41.45,70,20,14.97,CL,1720634529
10,bethel,41.3712,-73.414,89.06,75,98,1.99,US,1720634531
11,monrovia,6.3005,-10.7969,76.77,81,99,14.09,LR,1720634532
12,tromso,69.6496,18.957,57.22,62,20,6.91,NO,1720634464
13,pandan,14.0453,124.1694,79.9,87,100,2.15,PH,1720634535
14,sandnessjoen,66.0217,12.6316,72.12,43,75,6.91,NO,1720634536
15,tangalle,6.024,80.7911,79.59,84,100,10.29,LK,1720634382
16,newman,37.3138,-121.0208,95.52,19,0,4.45,US,1720634539
17,papatowai,-46.5619,169.4708,43.92,90,0,3.0,NZ,1720634540
18,cutral-co,-38.9469,-69.2089,45.91,10,62,5.01,AR,1720634542
19,yellowknife,62.456,-114.3525,68.41,50,75,4.0,CA,1720634471
20,reggane,26.7158,0.1714,111.51,5,1,18.28,DZ,1720634545
21,stanley,54.868,-1.6985,55.78,97,75,3.44,GB,1720634546
22,tabou,4.423,-7.3528,76.59,78,91,9.1,CI,1720634548
23,grytviken,-54.2811,-36.5092,32.94,98,100,14.56,GS,1720634549
24,puerto ayora,-0.7393,-90.3518,76.96,90,31,5.99,EC,1720634551
25,atafu village,-8.5421,-172.5159,83.75,69,95,15.64,TK,1720634552
26,isafjordur,66.0755,-23.124,57.24,62,100,9.22,IS,1720634554
27,edinburgh of the seven seas,-37.0676,-12.3116,50.4,53,80,23.55,SH,1720634555
28,olonkinbyen,70.9221,-8.7187,38.97,90,44,16.93,SJ,1720634465
29,aasiaat,68.7098,-52.8699,38.73,90,100,8.75,GL,1720634558
30,lebu,-37.6167,-73.65,47.64,66,37,7.38,CL,1720634547
31,badger,64.8,-147.5333,66.99,65,71,1.01,US,1720634561
32,hawaiian paradise park,19.5933,-154.9731,76.51,85,75,5.75,US,1720634562
33,phang nga,8.4509,98.5298,77.04,97,100,2.44,TH,1720634342
34,northam,51.0333,-4.2167,62.38,83,85,16.04,GB,1720634565
35,vadso,70.0744,29.7487,59.88,76,0,10.36,NO,1720634567
36,uliastay,47.7417,96.8444,58.89,72,88,3.74,MN,1720634568
37,queenstown,-31.8976,26.8753,54.39,25,12,13.24,ZA,1720634570
38,touros,-5.1989,-35.4608,78.87,81,100,14.79,BR,1720634548
39,porto novo,6.4965,2.6036,80.42,82,74,9.69,BJ,1720634573
40,thompson,55.7435,-97.8558,77.16,57,40,9.22,CA,1720634574
41,iqaluit,63.7506,-68.5145,47.93,76,40,5.75,CA,1720634500
42,ban houayxay,20.2453,100.4547,74.52,99,100,0.34,LA,1720634577
43,lakhna,26.65,79.15,92.89,58,96,9.82,IN,1720634579
44,luderitz,-26.6481,15.1594,58.71,81,47,2.95,NA,1720634582
45,acapulco de juarez,16.8634,-99.8901,76.03,82,100,4.88,MX,1720634408
46,maceio,-9.6658,-35.7353,81.84,94,40,16.11,BR,1720634354
47,cidreira,-30.1811,-50.2056,51.37,95,100,8.81,BR,1720634586
48,san bernardo del viento,9.3533,-75.9524,85.15,75,99,6.44,CO,1720634588
49,anadyr,64.75,177.4833,43.3,100,75,4.47,RU,1720634590
50,itajuba,-22.4256,-45.4528,73.35,65,54,4.32,BR,1720634592
51,albany,42.6001,-73.9662,92.57,65,99,1.99,US,1720634377
52,abadeh,31.1608,52.6506,84.04,13,63,10.92,IR,1720634597
53,prince rupert,54.3161,-130.3201,57.29,92,100,4.61,CA,1720634599
54,college,64.8569,-147.8028,66.09,66,40,5.75,US,1720634436
55,badiyah,22.45,58.8,81.54,74,92,12.66,OM,1720634351
56,crane,31.3974,-102.3501,90.59,27,2,9.98,US,1720634394
57,n'zeto,-7.2312,12.8666,69.67,88,54,10.65,AO,1720634604
58,lundazi,-12.2929,33.1782,58.41,39,2,7.07,ZM,1720634472
59,itoman,26.1247,127.6694,86.38,91,20,11.5,JP,1720634595
60,chinde,26.8212,87.7095,76.14,88,99,3.33,NP,1720634609
61,bilibino,68.0546,166.4372,40.64,70,4,5.59,RU,1720634610
62,burabay,53.0838,70.3138,68.25,63,95,1.07,KZ,1720634613
63,adamstown,-25.066,-130.1015,68.25,62,95,14.58,PN,1720634427
64,margaret river,-33.95,115.0667,56.48,63,84,11.92,AU,1720634616
65,katsuura,35.1333,140.3,78.89,90,100,31.05,JP,1720634371
66,ilulissat,69.2167,-51.1,37.83,87,96,5.77,GL,1720634367
67,kodiak,57.79,-152.4072,49.91,95,100,5.06,US,1720634440
68,pionerskiy,54.9508,20.2275,82.24,68,39,14.47,RU,1720634622
69,ushuaia,-54.8,-68.3,38.86,65,75,27.63,AR,1720634407
70,molde,62.7375,7.1591,63.91,88,0,9.22,NO,1720634625
71,i-n-salah,27.1935,2.4607,111.24,7,2,19.01,DZ,1720634626
72,qaqortoq,60.7167,-46.0333,44.73,89,100,9.84,GL,1720634628
73,morteros,-30.7116,-61.9986,51.03,38,15,4.9,AR,1720634629
74,ambon,-3.6954,128.1814,80.87,95,75,6.91,ID,1720634631
75,ulladulla,-35.35,150.4667,49.15,82,3,4.12,AU,1720634632
76,wailua homesteads,22.0669,-159.378,78.13,79,16,4.0,US,1720634633
77,sinabang,2.4803,96.3801,79.25,81,100,5.17,ID,1720634635
78,west island,-12.1568,96.8225,80.58,83,20,13.8,CC,1720634421
79,longyearbyen,78.2186,15.6401,42.64,87,40,10.36,SJ,1720634638
80,hamilton,39.1834,-84.5333,74.25,78,100,25.01,US,1720634639
81,talnakh,69.4865,88.3972,66.6,65,68,5.93,RU,1720634640
82,vallenar,-28.5708,-70.7581,55.09,58,30,6.33,CL,1720634642
83,xiva,41.3783,60.3639,89.58,20,0,12.06,UZ,1720634643
84,nienburg,52.6333,9.2167,77.29,81,99,6.78,DE,1720634644
85,sitka,57.0531,-135.33,55.83,84,100,5.32,US,1720634646
86,andergrove,-21.0833,149.1833,56.48,91,2,8.57,AU,1720634647
87,jamestown,42.097,-79.2353,77.72,100,100,9.22,US,1720634649
88,keflavik,64.0049,-22.5624,52.23,93,100,16.11,IS,1720634650
89,bosaso,11.2842,49.1816,94.96,41,97,20.38,SO,1720634652
90,sechura,-5.5569,-80.8222,75.4,57,9,12.37,PE,1720634653
91,bam,29.106,58.357,97.0,14,94,4.43,IR,1720634437
92,magong,23.5654,119.5863,84.97,79,78,15.37,TW,1720634656
93,autun,46.95,4.3,72.72,76,60,2.24,FR,1720634657
94,port macquarie,-31.4333,152.9167,46.08,98,0,1.99,AU,1720634658
95,hithadhoo,-0.6,73.0833,83.55,73,7,8.57,MV,1720634660
96,new glasgow,45.5834,-62.6486,76.78,66,80,10.16,CA,1720634389
97,bumba,2.1833,22.4667,77.92,73,86,1.88,CD,1720634663
98,vernon,50.2581,-119.2691,93.61,32,5,2.3,CA,1720634460
99,port mathurin,-19.6833,63.4167,73.8,70,24,21.07,MU,1720634666
100,naze,28.3667,129.4833,81.52,86,95,12.86,JP,1720634475
101,itaituba,-4.2761,-55.9836,91.56,55,40,8.05,BR,1720634458
102,blackmans bay,-43.0167,147.3167,46.53,96,46,1.01,AU,1720634670
103,salalah,17.0151,54.0924,80.69,100,100,2.3,OM,1720634671
104,dhromolaxia,34.8755,33.5868,87.46,76,0,6.91,CY,1720634404
105,lima,-12.0432,-77.0282,70.61,73,43,8.77,PE,1720634601
106,port alfred,-33.5906,26.891,66.61,49,66,12.84,ZA,1720634676
107,nova sintra,14.8667,-24.7167,74.64,82,69,24.05,CV,1720634677
108,vilyuchinsk,52.9306,158.4028,55.67,95,98,2.48,RU,1720634410
109,xinyuan,37.3,99.0,49.15,82,93,2.06,CN,1720634680
110,yokadouma,3.5167,15.05,71.87,93,83,2.91,CM,1720634681
111,dunedin,-45.8742,170.5036,43.81,86,0,1.99,NZ,1720634475
112,trairi,-3.2778,-39.2689,82.42,69,52,14.97,BR,1720634684
113,remire-montjoly,4.9167,-52.2667,80.64,83,3,3.44,GF,1720634686
114,quang ngai,15.1167,108.8,76.32,93,100,4.79,VN,1720634687
115,kapit,2.0167,112.9333,72.99,100,100,0.85,MY,1720634689
116,st. john's,47.5649,-52.7093,77.14,83,75,20.71,CA,1720634404
117,kropachevo,55.0112,57.9896,62.74,85,72,4.05,RU,1720634693
118,uturoa,-16.7333,-151.4333,76.87,79,99,5.57,PF,1720634694
119,tazovsky,67.4667,78.7,57.0,71,12,8.08,RU,1720634696
120,poli,-3.3333,36.8,59.49,58,78,3.89,TZ,1720634697
121,tsetserleg,47.475,101.4542,55.8,85,99,2.55,MN,1720634699
122,freetown,8.484,-13.2299,78.51,89,75,9.22,SL,1720634700
123,chake chake,-5.2459,39.7666,76.84,77,85,16.11,TZ,1720634701
124,barmer,25.75,71.3833,91.54,59,51,17.18,IN,1720634704
125,shache,38.4167,77.2406,81.01,29,98,9.4,CN,1720634706
126,utrik,11.2278,169.8474,82.53,79,99,15.3,MH,1720634707
127,petropavlovsk-kamchatsky,53.0452,158.6483,52.39,100,100,2.24,RU,1720634708
128,port saint john's,-31.6229,29.5448,65.5,62,77,11.1,ZA,1720634710
129,buka,40.8108,69.1986,77.99,41,17,7.4,UZ,1720634711
130,el hadjira,32.6134,5.5126,114.21,6,0,4.72,DZ,1720634713
131,barra de santo antonio,-9.4047,-35.5072,79.88,80,30,12.68,BR,1720634714
132,carnarvon,-24.8667,113.6333,65.62,71,16,15.03,AU,1720634716
133,whakatane,-37.9585,176.9854,40.77,99,26,1.99,NZ,1720634717
134,constitucion,-35.3333,-72.4167,51.71,48,6,7.36,CL,1720634719
135,chandler,33.3062,-111.8412,107.01,20,0,3.0,US,1720634457
136,abbeville,50.1,1.8333,69.49,76,87,9.8,FR,1720634633
137,nyurba,63.2842,118.3319,63.09,67,95,3.13,RU,1720634723
138,barcelos,41.5388,-8.6151,80.92,78,51,5.1,PT,1720634724
139,barquisimeto,10.0739,-69.3228,88.43,45,40,13.35,VE,1720634726
140,el molar,40.7322,-3.5797,91.67,36,20,6.91,ES,1720634727
141,constantia,44.1833,28.65,84.88,60,59,3.78,RO,1720634730
142,coursan,43.2337,3.0571,82.92,45,0,1.99,FR,1720634731
143,bredasdorp,-34.5322,20.0403,60.94,63,59,24.29,ZA,1720634733
144,fort bragg,35.139,-79.006,96.64,56,75,9.22,US,1720634734
145,muntok,-2.0667,105.1833,78.13,85,0,9.53,ID,1720634736
146,bantay,17.5847,120.3892,80.49,83,11,4.92,PH,1720634737
147,mil'kovo,55.6078,37.7956,72.0,55,19,8.72,RU,1720634738
148,wynyard,-41.0,145.7167,49.64,87,92,4.59,AU,1720634740
149,mossel bay,-34.1831,22.146,67.93,58,80,13.4,ZA,1720634741
150,ofunato,39.0717,141.7167,69.24,99,100,3.11,JP,1720634743
151,priyutnoye,46.1011,43.5072,86.07,24,95,9.44,RU,1720634744
152,margate,51.3813,1.3862,66.69,64,62,1.99,GB,1720634526
153,tommot,58.9564,126.2925,52.74,95,35,0.13,RU,1720634747
154,saint-pierre,-21.3393,55.4781,69.48,78,100,9.22,RE,1720634748
155,san antonio de pale,-1.4014,5.6325,72.39,84,96,11.07,GQ,1720634479
156,carauari,-4.8828,-66.8958,93.29,41,6,2.39,BR,1720634751
157,stung treng,13.5259,105.9683,74.91,99,90,4.05,KH,1720634753
158,arauco,-37.2463,-73.3175,52.61,48,21,6.33,CL,1720634754
159,nema,57.5067,50.5011,68.63,73,27,8.61,RU,1720634756
160,susuman,62.7833,148.1667,53.67,57,0,3.13,RU,1720634757
161,bireun,5.203,96.7009,77.67,80,100,3.8,ID,1720634758
162,avarua,-21.2078,-159.775,66.25,77,75,4.61,CK,1720634760
163,hermanus,-34.4187,19.2345,60.8,78,58,30.78,ZA,1720634728
164,bambanglipuro,-7.95,110.2833,75.38,87,100,8.21,ID,1720634763
165,firuzabad,28.8438,52.5707,88.65,14,27,3.87,IR,1720634764
166,whitehorse,60.7161,-135.0538,58.1,76,100,15.01,CA,1720634467
167,nuuk,64.1835,-51.7216,41.61,100,100,9.22,GL,1720634767
168,buala,-8.145,159.5921,79.25,87,100,8.5,SB,1720634768
169,santana,-0.0583,-51.1817,86.18,74,40,10.36,BR,1720634734
170,marsh harbour,26.5412,-77.0636,84.51,64,67,9.04,BS,1720634771
171,lospalos,-8.5186,127.0025,70.12,84,96,7.2,TL,1720634772
172,wuchuan,21.4571,110.7659,82.72,83,78,9.44,CN,1720634774
173,antsiranana,-12.2787,49.2917,74.64,69,14,17.09,MG,1720634775
174,al ghayzah,16.2079,52.176,82.36,82,99,14.72,YE,1720634777
175,talakan,50.3167,130.3667,49.15,95,40,4.43,RU,1720634773
176,kampene,-3.6,26.6667,76.93,36,60,0.63,CD,1720634779
177,sao jose da coroa grande,-8.8978,-35.1478,78.46,81,16,14.05,BR,1720634781
178,ilebo,-4.3167,20.5833,78.64,21,98,1.14,CD,1720634782
179,kolonia,50.9333,6.95,76.82,76,44,6.78,DE,1720634784
180,marat,25.0701,45.4615,98.8,11,24,7.09,SA,1720634785
181,pingdingshan,33.7385,113.3012,71.2,91,100,4.52,CN,1720634787
182,pointe-noire,-4.7761,11.8635,70.59,84,80,7.4,CG,1720634788
183,isangel,-19.55,169.2667,72.99,82,100,18.72,VU,1720634789
184,nar'yan-mar,67.6713,53.087,47.53,89,94,16.51,RU,1720634791
185,ixtapa,20.7,-105.2,87.22,66,75,4.61,MX,1720634792
186,kulhudhuffushi,6.6221,73.07,83.19,78,100,10.38,MV,1720634794
187,kailua-kona,19.6406,-155.9956,80.56,87,20,9.22,US,1720634701
188,beitbridge,-22.2167,30.0,61.18,9,0,4.07,ZW,1720634796
189,kapuskasing,49.4169,-82.4331,60.89,77,100,9.22,CA,1720634498
190,viedma,-40.8135,-62.9967,47.66,42,100,19.62,AR,1720634525
191,colonia menno,-22.3667,-59.8167,60.22,28,45,4.54,PY,1720634801
192,cabedelo,-6.9811,-34.8339,81.27,76,99,15.28,BR,1720634802
193,minas de marcona,-15.2119,-75.1103,59.58,59,35,17.25,PE,1720634804
194,cabo san lucas,22.8909,-109.9124,90.7,58,0,9.22,MX,1720634805
195,sapri,40.0751,15.6296,77.34,79,35,1.54,IT,1720634807
196,kourou,5.1552,-52.6478,80.65,77,18,6.42,GF,1720634808
197,mogocha,53.7333,119.7667,62.08,87,66,3.27,RU,1720634810
198,kajiado,-1.8524,36.7768,61.41,70,94,8.14,KE,1720634811
199,callaway,30.153,-85.5699,90.91,69,45,10.0,US,1720634812
200,miri,4.4148,114.0089,76.91,92,99,4.16,MY,1720634814
201,udachny,66.4167,112.4,62.71,69,35,3.13,RU,1720634815
202,pisco,-13.7,-76.2167,64.45,77,100,8.05,PE,1720634817
203,lompoc,34.6391,-120.4579,78.58,72,0,9.22,US,1720634819
204,grand falls-windsor,48.9332,-55.6649,80.51,74,36,14.74,CA,1720634820
205,boa vista,2.8197,-60.6733,89.58,55,75,6.91,BR,1720634718
206,klyuchi,52.2667,79.1667,66.33,54,66,5.75,RU,1720634823
207,saint-joseph,-21.3667,55.6167,68.38,75,30,10.33,RE,1720634825
208,axim,4.8699,-2.2405,76.71,83,99,9.66,GH,1720634826
209,xilin hot,43.9667,116.0333,65.52,75,54,3.87,CN,1720634827
210,ilha de mocambique,-15.0342,40.7358,75.99,65,46,14.63,MZ,1720634829
211,saint-laurent-du-maroni,5.5039,-54.0289,84.2,77,37,3.2,GF,1720634830
212,utiel,39.5667,-1.2,95.43,21,0,10.83,ES,1720634832
213,hami,42.8,93.45,81.39,29,0,17.72,CN,1720634833
214,murzuq,25.9155,13.9184,97.45,15,0,7.25,LY,1720634835
215,nieuw amsterdam,5.8833,-55.0833,93.36,58,40,2.3,SR,1720634836
216,nantucket,41.2835,-70.0995,82.51,97,100,16.93,US,1720634571
217,alenquer,-1.9417,-54.7383,93.81,41,16,6.17,BR,1720634839
218,vila franca do campo,37.7167,-25.4333,73.81,65,9,10.36,PT,1720634840
219,fortuna,40.5982,-124.1573,58.98,95,100,9.22,US,1720634842
220,lihue,21.9789,-159.3672,78.75,75,20,13.8,US,1720634843
221,yelizovo,53.1873,158.3805,53.74,100,100,2.24,RU,1720634845
222,sur,22.5667,59.5289,85.23,72,95,9.91,OM,1720634846
223,bikenibeu village,1.3673,173.1241,82.36,83,40,5.75,KI,1720634821
224,portland,45.5234,-122.6762,86.61,35,0,1.99,US,1720634403
225,sultanah,24.4926,39.5857,102.65,8,0,4.61,SA,1720634851
226,new norfolk,-42.7826,147.0587,47.71,98,65,2.37,AU,1720634852
227,hola,51.5377,23.1902,84.38,59,15,10.31,PL,1720634853
228,tataouine,32.9297,10.4518,92.46,20,0,15.59,TN,1720634855
229,ves'yegonsk,58.664,37.2604,63.55,58,24,4.43,RU,1720634856
230,tsiombe,-25.3,45.4833,66.69,89,0,7.67,MG,1720634858
231,lazaro cardenas,17.9583,-102.2,83.79,68,96,3.09,MX,1720634859
232,nookat,40.2671,72.6207,70.56,43,99,6.31,KG,1720634862
233,opuwo,-18.0607,13.84,65.17,13,0,6.26,NA,1720634863
234,codrington,-38.2667,141.9667,53.82,61,100,21.47,AU,1720634865
235,tarikere,13.7167,75.8167,72.63,86,83,10.65,IN,1720634869
236,zhezqazghan,47.7833,67.7667,77.7,30,3,12.01,KZ,1720634871
237,chonchi,-42.6128,-73.8092,49.12,85,100,5.57,CL,1720634872
238,nuku'alofa,-21.1333,-175.2,70.14,73,40,10.36,TO,1720634874
239,sumbe,-11.2061,13.8437,67.78,87,61,6.2,AO,1720634875
240,bhusaval,21.05,75.7667,83.55,75,100,10.78,IN,1720634877
241,cambria,35.5641,-121.0808,91.17,65,4,8.34,US,1720634878
242,filingue,14.3521,3.3168,98.31,34,21,6.15,NE,1720634880
243,shiqian,27.5225,108.2281,73.94,93,99,3.8,CN,1720634881
244,siwana,25.6333,72.4167,91.65,60,96,17.81,IN,1720634883
245,kerikeri,-35.2268,173.9474,50.92,85,64,4.0,NZ,1720634884
246,ca mau,9.1769,105.15,78.78,92,100,3.47,VN,1720634886
247,taoudenni,22.6783,-3.9836,116.13,7,0,5.57,ML,1720634887
248,glace bay,46.1969,-59.957,84.88,65,100,10.94,CA,1720634889
249,karamay,45.6004,84.8661,77.86,46,37,21.16,CN,1720634890
250,hammerfest,70.6634,23.6821,54.05,71,20,6.91,NO,1720634892
251,priozersk,61.0393,30.1291,62.33,68,39,6.38,RU,1720634893
252,saint-louis,16.3333,-15.0,99.82,32,99,11.27,SN,1720634896
253,ayr,55.4627,-4.6339,64.29,77,75,3.44,GB,1720634898
254,ballina,-28.8667,153.5667,57.78,91,50,11.18,AU,1720634899
255,coahuayana de hidalgo,18.7,-103.6583,85.78,69,100,6.26,MX,1720634900
256,arenapolis,-14.4503,-56.8461,85.5,30,1,2.91,BR,1720634902
257,zaqatala,41.6336,46.6433,81.07,51,75,9.22,AZ,1720634903
258,bonthe,7.5264,-12.505,78.12,87,93,10.74,SL,1720634905
259,pagsanghan,11.9657,124.7212,78.57,91,100,2.35,PH,1720634908
260,alofi,-19.0595,-169.9187,67.89,73,75,8.05,NU,1720634909
261,altay,47.8667,88.1167,58.98,75,27,5.57,CN,1720634911
262,errachidia,31.9275,-4.4285,102.22,6,0,7.96,MA,1720634912
263,ta`u,-14.2336,-169.5144,78.06,76,95,22.64,AS,1720634672
264,kirensk,57.7853,108.1119,67.77,71,89,3.71,RU,1720634915
265,kapa'a,22.0752,-159.319,79.48,76,20,13.8,US,1720634916
266,palmer,42.1584,-72.3287,90.01,60,75,17.27,US,1720634918
267,aykhal,66.0,111.5,60.8,71,72,3.91,RU,1720634829
268,pasuquin,18.3328,120.6177,79.83,86,33,4.47,PH,1720634921
269,la souterraine,46.2371,1.487,71.91,93,34,5.88,FR,1720634922
270,fort mcmurray,56.7268,-111.381,85.59,48,0,3.44,CA,1720634736
271,kavaratti,10.5669,72.642,81.41,83,100,9.26,IN,1720634925
272,invercargill,-46.4,168.35,36.01,97,42,1.01,NZ,1720634926
273,faya-largeau,17.9257,19.1043,97.29,12,95,7.58,TD,1720634928
274,santana do livramento,-30.8908,-55.5328,49.1,82,38,4.56,BR,1720634929
275,santo antonio do ica,-3.1022,-67.9397,89.98,51,8,3.24,BR,1720634931
276,fale old settlement,-9.3852,-171.2468,83.03,71,43,17.52,TK,1720634932
277,enewetak,11.3474,162.3373,83.28,75,25,18.1,MH,1720634933
278,belmont,37.5202,-122.2758,82.58,71,20,6.91,US,1720634935
279,katsuren-haebaru,26.3369,127.8719,86.38,88,75,9.22,JP,1720634936
280,gadzhiyevo,69.2551,33.3362,54.0,68,87,2.68,RU,1720634939
281,kyren,51.6828,102.1408,64.17,90,95,0.89,RU,1720634940
282,gaiman,-43.2897,-65.4929,48.83,52,54,19.08,AR,1720634942
283,dudinka,69.4058,86.1778,62.67,61,44,8.93,RU,1720634943
284,hasaki,35.7333,140.8333,82.8,85,99,24.9,JP,1720634945
285,coari,-4.085,-63.1414,84.6,61,44,2.37,BR,1720634947
286,woolgoolga,-30.1106,153.2007,48.07,87,3,8.03,AU,1720634948
287,marquette,46.5333,-87.6335,70.16,76,100,7.0,US,1720634950
288,forster,-32.1667,152.5167,50.79,80,0,3.65,AU,1720634951
289,vorgashor,67.5833,63.95,67.69,60,62,4.76,RU,1720634952
290,novaya igirma,57.1334,103.9112,64.36,95,68,4.16,RU,1720634955
291,caleta de carquin,-11.0925,-77.6267,67.48,68,26,12.91,PE,1720634957
292,kilifi,-3.6305,39.8499,76.82,81,88,15.79,KE,1720634958
293,maitum,6.0392,124.4986,77.47,86,100,4.79,PH,1720634960
294,san sebastian de la gomera,28.0916,-17.1133,82.38,69,0,8.05,ES,1720634961
295,ust-nera,64.5667,143.2,61.52,51,100,2.89,RU,1720634964
296,rameswaram,9.2833,79.3,83.1,82,24,21.3,IN,1720634965
297,nagqu,31.5,92.0,44.76,88,76,7.72,CN,1720634967
298,pudur,13.0,79.15,85.62,54,99,13.94,IN,1720634889
299,sumbawa besar,-8.5,117.4333,69.22,89,100,4.56,ID,1720634970
300,kodinsk,58.6881,99.1844,60.87,90,86,2.82,RU,1720634972
301,ulricehamn,57.7916,13.4142,64.94,96,100,5.82,SE,1720634973
302,manhattan,40.7834,-73.9662,92.52,65,0,18.41,US,1720634920
303,lerwick,60.1545,-1.1494,53.6,89,100,18.05,GB,1720634976
304,lubango,-14.9172,13.4925,59.67,19,0,5.59,AO,1720634977
305,saint-philippe,-21.3585,55.7679,69.39,77,51,9.35,RE,1720634979
306,agaro,7.85,36.65,60.49,96,74,2.62,ET,1720634980
307,westport,41.1415,-73.3579,88.3,73,0,13.8,US,1720634721
308,tralee,52.2704,-9.7026,57.81,77,2,11.65,IE,1720634983
309,novoazovs'k,47.1139,38.086,83.59,44,94,12.44,UA,1720634984
310,quellon,-43.1167,-73.6167,45.79,83,100,7.81,CL,1720634986
311,aldinga beach,-35.2793,138.4604,54.64,93,100,25.08,AU,1720634987
312,gao,16.6362,1.637,102.85,23,3,8.97,ML,1720634989
313,yuli,9.6989,10.2744,83.05,62,57,6.76,NG,1720634990
314,arraial do cabo,-22.9661,-42.0278,76.86,73,0,4.61,BR,1720634992
315,davyd-haradok,52.0566,27.2161,73.08,78,0,7.81,BY,1720634993
316,hadibu,12.65,54.0333,80.19,81,100,18.54,YE,1720634995
317,yazman,29.1212,71.7446,106.54,23,12,9.75,PK,1720634996
318,san patricio,28.017,-97.5169,93.16,47,86,9.28,US,1720634998
319,san pedro pochutla,15.7333,-96.4667,86.72,63,89,6.64,MX,1720634999
320,leiyang,26.4024,112.8591,80.89,80,90,6.26,CN,1720635001
321,inirida,3.8653,-67.9239,84.9,76,94,1.97,CO,1720635002
322,callao,-12.0667,-77.15,72.43,77,53,11.03,PE,1720635003
323,hatillo,18.4863,-66.8254,82.78,72,65,13.73,PR,1720635005
324,camabatela,-8.1881,15.375,68.11,16,44,4.23,AO,1720635006
325,papao,-17.75,-149.55,80.28,77,99,1.36,PF,1720635008
326,kimbe,-5.5502,150.1429,78.31,88,97,7.18,PG,1720635009
327,paragominas,-2.9667,-47.4833,93.49,36,52,5.19,BR,1720635011
328,hobyo,5.3505,48.5268,77.43,81,91,26.17,SO,1720635012
329,fort st. john,56.2499,-120.8529,76.87,49,53,3.42,CA,1720635014
330,tondano,1.3038,124.9112,68.09,99,99,0.96,ID,1720635015
331,pajara,28.3504,-14.1076,80.11,68,0,16.84,ES,1720635017
332,obidos,-1.9175,-55.5181,93.72,40,16,7.92,BR,1720635018
333,gebeit,21.0667,36.3167,89.1,28,83,5.26,SD,1720635020
334,madagali,10.8902,13.6312,81.19,69,73,1.66,NG,1720635021
335,orsta,62.2029,6.1272,63.45,67,75,4.61,NO,1720635023
336,geraldton,-28.7667,114.6,52.21,93,40,6.91,AU,1720634906
337,tolanaro,-25.0319,46.9987,67.01,92,3,8.86,MG,1720635026
338,pangoa,-12.1167,-73.0,79.34,61,93,3.29,PE,1720635027
339,rundu,-17.9333,19.7667,60.96,10,0,5.53,NA,1720635028
340,howrah,22.5892,88.3103,86.0,84,40,11.5,IN,1720635030
341,arno,60.1167,18.6333,63.79,71,97,15.93,SE,1720635031
342,kingston,17.997,-76.7936,94.15,66,20,19.57,JM,1720634797
343,haiku-pauwela,20.9219,-156.3051,77.04,87,40,10.36,US,1720634827
344,port lincoln,-34.7333,135.8667,58.89,69,100,22.12,AU,1720635035
345,zaozersk,69.4005,32.4476,55.76,65,93,5.55,RU,1720635037
346,surin,14.8818,103.4936,77.09,90,100,9.93,TH,1720635038
347,yonggang-up,38.8561,125.4244,69.44,94,1,1.59,KP,1720635040
348,broken hill,-31.95,141.4333,50.05,72,100,16.44,AU,1720635041
349,charters towers,-20.1,146.2667,60.76,93,14,6.22,AU,1720635042
350,gizo,-8.103,156.8419,80.71,81,89,4.97,SB,1720635044
351,chukhloma,58.7525,42.6825,63.88,61,74,3.91,RU,1720635045
352,zheshart,62.0731,49.5733,63.9,64,53,6.22,RU,1720635047
353,puerto aysen,-45.4,-72.7,41.56,100,100,1.48,CL,1720635013
354,sakakah,29.9697,40.2064,99.97,12,0,11.79,SA,1720635050
355,kurud,20.8322,81.7214,81.97,78,99,7.4,IN,1720635051
356,lincoln city,44.9582,-124.0179,71.69,63,8,10.0,US,1720635053
357,nivala,63.9167,24.9667,63.88,65,79,1.9,FI,1720635055
358,mao,39.8885,4.2658,81.16,69,0,6.91,ES,1720634970
359,mount isa,-20.7333,139.5,55.17,47,1,8.05,AU,1720635060
360,zhicheng,30.2956,111.5047,75.11,93,100,1.74,CN,1720635061
361,ketchikan,55.3422,-131.6461,56.34,94,100,7.7,US,1720635063
362,pochinki,54.6988,44.8668,67.87,81,43,10.51,RU,1720635065
363,turgutlu,38.4953,27.6997,83.12,46,67,8.03,TR,1720635066
364,kenora,49.8167,-94.4337,77.77,50,0,5.99,CA,1720635019
365,taroa,8.7058,171.2275,83.05,77,97,15.97,MH,1720635069
366,richards bay,-28.783,32.0377,61.77,66,0,4.36,ZA,1720635071
367,punta arenas,-53.15,-70.9167,41.02,65,0,23.02,CL,1720634850
368,bayganin,48.6947,55.8742,74.75,38,4,10.22,KZ,1720635074
369,ancud,-41.8697,-73.8203,47.89,78,99,17.65,CL,1720635075
370,bac lieu,9.285,105.7244,80.98,84,100,9.26,VN,1720635077
371,williams lake,52.1415,-122.1445,87.15,26,4,1.95,CA,1720634905
372,twin falls,42.3505,-114.6445,89.94,29,0,5.75,US,1720635079
373,aldama,22.9167,-98.0667,80.37,66,92,10.76,MX,1720635081
374,senanga,-16.1167,23.2667,62.64,12,0,5.12,ZM,1720635083
375,port elizabeth,-33.918,25.5701,57.49,88,0,6.91,ZA,1720635084
376,bubaque,11.2833,-15.8333,81.25,80,96,10.85,GW,1720635086
377,tamanrasset,22.785,5.5228,94.91,9,94,20.71,DZ,1720635087
378,aral,40.5156,81.2636,86.07,19,14,6.85,CN,1720635089
379,chibuto,-24.6867,33.5306,64.15,14,0,8.3,MZ,1720635074
380,old shinyanga,-3.55,33.4,76.15,28,94,10.09,TZ,1720635093
381,kayangel,8.0823,134.7173,82.26,77,100,8.77,PW,1720635095
382,gorantla,13.9789,77.7479,77.76,71,100,15.21,IN,1720635096
383,asekeyevo,53.5742,52.7972,66.67,89,59,5.12,RU,1720635098
384,khandud,36.9513,72.318,62.13,45,29,7.56,AF,1720635099
385,port blair,11.6667,92.75,82.04,81,94,15.5,IN,1720634983
386,el nido,11.1858,119.3956,81.01,83,100,8.66,PH,1720635102
387,hirara,24.8,125.2833,85.32,79,34,15.08,JP,1720635103
388,great falls,47.5002,-111.3008,92.68,28,0,6.91,US,1720635105
389,mount gambier,-37.8333,140.7667,53.83,56,100,12.82,AU,1720635106
390,ingatestone,51.6703,0.3836,69.67,67,96,4.0,GB,1720635108
391,rio brilhante,-21.8019,-54.5464,60.94,65,87,0.89,BR,1720635109
392,lethem,3.3803,-59.7968,86.9,65,40,4.16,GY,1720635110
393,afaahiti,-17.75,-149.2833,78.67,79,92,1.28,PF,1720635112
394,flying fish cove,-10.4217,105.6791,78.48,88,100,10.36,CX,1720635113
395,nogliki,51.8333,143.1667,50.2,97,100,5.14,RU,1720634883
396,kashgar,39.4547,75.9797,79.43,32,93,17.13,CN,1720635125
397,mont-dore,-22.2833,166.5833,73.99,99,41,9.95,NC,1720635127
398,presidente medici,-11.1753,-61.9014,94.6,29,0,1.54,BR,1720635128
399,palikir - national government center,6.9248,158.1611,77.74,94,100,2.3,FM,1720635130
400,colonia,50.9333,6.95,76.95,69,44,6.78,DE,1720635131
401,gemerek,39.1834,36.0719,69.89,64,69,1.68,TR,1720635132
402,salima,-13.7804,34.4587,64.0,23,3,5.08,MW,1720635134
403,enriquillo,17.9,-71.2333,89.28,64,21,11.9,DO,1720635135
404,porto barra do ivinheima,-22.9667,-53.6667,63.54,55,64,2.15,BR,1720635136
405,prado,-17.3411,-39.2208,78.13,68,66,12.24,BR,1720634841
406,kastoria,40.5167,21.2667,75.29,49,77,3.29,GR,1720635139
407,ongjin,37.9347,125.3619,70.27,91,1,4.72,KP,1720635141
408,guozhen,34.3659,107.359,68.22,86,66,3.33,CN,1720635142
409,brookings,44.3114,-96.7984,79.45,57,20,9.22,US,1720635143
410,borgarnes,64.5383,-21.9206,53.82,97,100,7.36,IS,1720635145
411,iskateley,67.6803,53.1512,47.46,89,94,16.46,RU,1720635146
412,tual,-5.6667,132.75,78.39,79,66,23.44,ID,1720635148
413,san dionisio ocotepec,16.8,-96.4,71.58,65,100,5.48,MX,1720635149
414,alotau,-10.3069,150.4462,72.66,97,94,4.76,PG,1720635150
415,yaiza,28.9633,-13.7631,73.17,69,20,32.21,ES,1720635152
416,bardai,11.65,7.2333,80.13,63,89,5.77,NG,1720635153
417,malvan,16.0667,73.4667,80.02,85,100,14.43,IN,1720635154
418,leshan,29.5623,103.7639,72.97,91,100,5.28,CN,1720635156
419,timimoun,29.2639,0.231,115.18,6,0,18.41,DZ,1720635157
420,general conesa,-40.1,-64.4333,48.0,42,92,17.6,AR,1720635159
421,la'ie,21.6477,-157.9253,80.56,80,36,8.99,US,1720635160
422,gaspe,48.8334,-64.4819,82.62,42,75,4.61,CA,1720635161
423,keetmanshoop,-26.5833,18.1333,61.77,11,4,8.88,NA,1720635163
424,richfield,44.8833,-93.283,82.65,66,75,8.05,US,1720635044
425,korla,41.7597,86.1469,83.77,22,3,17.36,CN,1720635166
426,revda,56.801,59.9303,63.18,83,8,5.26,RU,1720635169
427,krzeszowice,50.1425,19.6322,86.23,57,20,2.3,PL,1720635171
428,hanover,52.3705,9.7332,78.76,77,0,1.14,DE,1720634997
429,noshiro,40.2039,140.0242,69.62,97,100,1.52,JP,1720635173
430,kolokani,13.5728,-8.0339,94.35,36,83,7.83,ML,1720635175
431,labrador city,52.9463,-66.9114,62.51,67,75,6.91,CA,1720635176
432,east london,-33.0153,27.9116,61.74,82,0,5.75,ZA,1720635042
433,yaguara,2.6636,-75.5175,91.76,35,36,7.27,CO,1720635179
434,kanuru,16.2858,81.2546,83.16,83,99,12.01,IN,1720635180
435,tura,25.5198,90.2201,75.85,97,75,5.12,IN,1720635182
436,aginskoye,51.1,114.53,68.81,51,39,1.1,RU,1720635183
437,anka,12.1138,5.9243,89.29,47,83,8.59,NG,1720635185
438,kununurra,-15.7667,128.7333,66.18,68,22,8.05,AU,1720635186
439,nemuro,43.3236,145.575,56.59,100,100,7.85,JP,1720635188
440,albufeira,37.0882,-8.2503,84.02,58,0,15.64,PT,1720635189
441,huruta,8.15,39.35,62.13,75,68,5.61,ET,1720635190
442,brandon,27.9378,-82.2859,95.32,60,0,8.05,US,1720635192
443,kizner,56.2749,51.508,69.93,71,76,5.08,RU,1720635193
444,vanimo,-2.6741,141.3028,77.83,88,81,1.9,PG,1720635194
445,lorengau,-2.0226,147.2712,81.64,84,88,7.65,PG,1720635196
446,altar,30.7,-111.8167,99.34,26,0,6.17,MX,1720635197
447,amos,48.5669,-78.1162,70.14,46,100,8.03,CA,1720635199
448,dolores,-36.3132,-57.6792,46.8,40,0,6.13,AR,1720635200
449,beaufort west,-32.3567,22.583,58.3,63,27,31.27,ZA,1720635201
450,zhangye,38.9342,100.4517,72.12,54,79,4.32,CN,1720635203
451,alo,6.5486,4.2686,75.07,96,97,3.2,NG,1720635204
452,rajgir,25.0333,85.4167,89.55,65,100,6.55,IN,1720635206
453,rindge,42.7512,-72.0098,88.9,69,40,11.5,US,1720635207
454,bouar,5.934,15.596,68.95,87,100,1.28,CF,1720635208
455,lengshuijiang,27.6881,111.4294,77.23,90,96,2.66,CN,1720635210
456,borogontsy,62.6683,131.1683,55.53,99,100,3.44,RU,1720635211
457,farasan,16.7022,42.1183,89.49,65,100,15.93,SA,1720635213
458,hilo,19.7297,-155.09,76.62,90,2,1.01,US,1720635214
459,maracaju,-21.6144,-55.1683,56.89,75,82,1.43,BR,1720635004
460,sao gabriel da cachoeira,-0.1303,-67.0892,93.07,41,16,3.18,BR,1720635217
461,arawa,-6.2132,155.5367,81.61,78,95,6.42,PG,1720635218
462,saipan,15.1355,145.701,83.1,89,20,6.91,MP,1720635091
463,miramichi,47.0043,-65.4654,86.68,39,56,8.41,CA,1720634982
464,tofol,5.3248,163.0078,82.76,78,43,10.6,FM,1720635222
465,ugoofaaru,5.6667,73.0,83.16,78,34,8.37,MV,1720635224
466,tobelo,1.7284,128.0095,78.75,85,97,2.93,ID,1720635225
467,walvis bay,-22.9575,14.5053,58.08,69,0,9.64,NA,1720635226
468,toliara,-23.35,43.6667,75.7,64,0,15.41,MG,1720635228
469,tarauaca,-8.1614,-70.7656,91.02,38,0,1.43,BR,1720635229
470,jiangzi,28.95,89.6333,54.45,52,100,4.54,CN,1720635230
471,tyuratam,45.6507,63.3156,90.79,22,47,8.9,KZ,1720635232
472,kudymkar,59.0173,54.656,65.77,88,53,7.85,RU,1720635233
473,tupiza,-21.45,-65.7167,58.24,5,0,37.98,BO,1720635235
474,labuan bajo,-8.4964,119.8877,74.8,84,100,4.88,ID,1720635236
475,nanao,37.05,136.9667,73.33,97,100,15.46,JP,1720635237
476,waingapu,-9.6567,120.2641,73.92,85,100,8.12,ID,1720635239
477,nchelenge,-9.3451,28.734,72.95,49,3,11.61,ZM,1720635240
478,kavieng,-2.5744,150.7967,83.71,72,93,7.54,PG,1720635242
479,changling,44.2653,124.0005,64.99,76,85,1.99,CN,1720635243
480,sunland,38.8928,-101.8216,93.15,16,1,11.56,US,1720635244
481,diego de almagro,-26.3667,-70.05,56.7,33,10,9.78,CL,1720635246
482,zheleznogorsk-ilimskiy,56.5768,104.1217,62.01,97,80,3.96,RU,1720635247
483,twon-brass,4.3151,6.2418,77.49,83,92,8.81,NG,1720635249
484,la sarre,48.8002,-79.1996,67.17,55,100,8.39,CA,1720634975
485,chifeng,42.2683,118.9636,71.35,37,63,2.64,CN,1720635251
486,bandundu,-3.3167,17.3667,84.88,28,32,1.95,CD,1720635253
487,clearwater,27.9659,-82.8001,94.1,65,75,4.0,US,1720634580
488,vredendal,-31.6683,18.5012,60.1,77,57,13.96,ZA,1720635255
489,conception bay south,47.4999,-52.9981,77.04,81,40,13.8,CA,1720635257
490,weno,7.4515,151.8468,80.55,89,100,4.61,FM,1720635258
491,qamdo,31.1667,97.2333,52.97,80,100,1.88,CN,1720635259
492,illizi,26.4833,8.4667,107.4,9,1,14.38,DZ,1720635261
493,pelabuhanratu,-6.9875,106.5514,76.57,90,97,4.18,ID,1720635262
494,mar del plata,-38.0023,-57.5575,50.95,51,0,7.0,AR,1720635242
495,celldomolk,47.2571,17.1503,89.69,36,17,8.16,HU,1720635265
496,hohhot,40.8106,111.6522,73.0,52,43,5.37,CN,1720635266
497,chui,-33.6971,-53.4616,49.06,81,90,11.27,UY,1720635086
498,lagunillas,10.1301,-71.2595,87.84,63,61,8.03,VE,1720635270
499,coquimbo,-29.9533,-71.3436,55.13,58,20,9.22,CL,1720635092
500,kusel,49.55,7.4,74.23,78,20,0.0,DE,1720635273
501,gillette,44.2911,-105.5022,86.92,19,0,9.22,US,1720635013
502,mitu,1.1983,-70.1733,88.41,52,46,1.81,CO,1720635277
503,praia da vitoria,38.7333,-27.0667,75.45,73,20,13.91,PT,1720635278
504,belmonte,-15.8631,-38.8828,78.24,69,77,7.34,BR,1720635280
505,ayora,39.0585,-1.0563,97.02,17,0,6.02,ES,1720635281
506,kanazawa,36.5944,136.6256,73.29,97,100,16.49,JP,1720635282
507,omdurman,15.6445,32.4777,91.08,33,70,6.62,SD,1720635284
508,selfoss,63.9331,-20.9971,54.05,94,100,12.12,IS,1720635285
509,mata-utu,-13.2816,-176.1745,80.56,77,100,28.52,WF,1720635287
510,berezovyy,51.6667,135.7,49.86,98,100,2.44,RU,1720635131
511,merida,20.9667,-89.6167,92.01,52,75,6.91,MX,1720635289
512,panambi,-28.2925,-53.5017,45.88,91,100,4.0,BR,1720635291
513,khandyga,62.6667,135.6,59.36,73,97,3.53,RU,1720635292
514,yakeshi,49.2833,120.7333,62.6,61,35,2.48,CN,1720635294
515,zigong,29.3416,104.7769,73.8,96,100,11.05,CN,1720635295
516,chernyshevskiy,63.0128,112.4714,60.19,74,8,4.07,RU,1720635296
517,morehead city,34.7229,-76.726,89.65,77,75,16.11,US,1720635081
518,sepuka,-4.75,34.5333,67.77,32,64,9.28,TZ,1720635299
519,rio san juan,19.6439,-70.0763,85.93,68,38,11.48,DO,1720635301
520,nushki,29.5542,66.0215,94.1,17,10,5.86,PK,1720635303
521,chato,-2.6378,31.7669,74.14,65,85,4.16,TZ,1720635307
522,awjilah,29.1081,21.2869,92.59,23,0,19.57,LY,1720635309
523,de queen,34.0379,-94.3413,90.05,51,0,0.0,US,1720634895
524,arteche,12.2645,125.4048,80.64,86,100,2.91,PH,1720635312
525,el sauzal de rodriguez,31.9,-116.6833,71.42,73,67,6.8,MX,1720635313
526,matthew town,20.95,-73.6667,86.27,70,100,13.06,BS,1720635315
527,oume,35.7839,139.2431,81.86,75,40,9.22,JP,1720635316
528,sarangpur,23.5667,76.4667,86.29,69,100,10.74,IN,1720635317
529,yemetsk,63.4721,41.7941,58.33,85,72,5.03,RU,1720635319
530,cidade velha,14.9167,-23.6167,81.07,61,20,19.57,CV,1720635320
531,abepura,-2.6333,140.5833,76.01,100,40,2.3,ID,1720635322
532,santo antonio,-6.3106,-35.4789,80.69,68,83,16.28,BR,1720635323
533,sitangkai,4.6628,119.3928,82.13,72,94,4.63,PH,1720635326
534,polyarnyy,69.1989,33.4478,53.38,69,89,2.89,RU,1720635328
535,serowe,-22.3833,26.7167,56.43,9,0,6.4,BW,1720635329
536,yarkovo,57.4028,67.0786,68.2,73,82,6.2,RU,1720635331
537,cockburn town,21.4612,-71.1419,83.48,76,95,14.18,TC,1720635332
538,jieshi,22.8134,115.8257,84.85,78,51,7.11,CN,1720635334
539,ad dilam,23.9915,47.1627,102.61,13,92,10.36,SA,1720635335
540,tindouf,27.6711,-8.1474,117.05,4,0,13.8,DZ,1720635336
541,tanjung selor,2.8372,117.3642,73.47,97,95,2.66,ID,1720635338
542,ebon,4.582,168.6964,83.26,80,89,13.62,MH,1720635339
543,san fernando de apure,7.8878,-67.4724,83.82,80,99,5.55,VE,1720635153
544,happy valley-goose bay,53.3168,-60.3315,70.11,60,75,9.22,CA,1720635342
545,bandarbeyla,9.4942,50.8122,78.37,85,17,30.2,SO,1720635347
546,roma,43.2128,-75.4557,87.87,84,100,10.36,US,1720635158
547,tympaki,35.0729,24.7685,87.12,48,1,11.01,GR,1720635349
548,bikaner,28.0167,73.3,102.27,30,85,6.17,IN,1720635352
549,fada,7.25,4.0667,74.12,97,94,4.27,NG,1720635353
550,teguise,29.0605,-13.564,71.82,69,20,32.21,ES,1720635355
551,manismata,-2.4667,111.0333,73.62,95,85,2.71,ID,1720635356
552,mpika,-11.8343,31.4529,53.44,39,2,5.37,ZM,1720635358
553,hacienda huancane,-15.8222,-70.8856,46.58,11,0,26.08,PE,1720635359
554,karkira,36.9292,6.5856,83.46,64,0,4.05,DZ,1720635360
555,lhokseumawe,5.1801,97.1507,78.21,85,100,3.31,ID,1720635362
556,victoria,22.2855,114.1577,85.96,81,54,8.99,HK,1720634557
557,ramshir,30.8946,49.4092,101.95,9,0,13.65,IR,1720635365
558,rossosh',51.1209,38.5116,74.19,73,31,8.41,RU,1720635366
559,pirallahi,40.4723,50.333,82.54,77,58,17.87,AZ,1720635368
560,pailon,-17.65,-62.75,58.1,44,100,4.14,BO,1720635369
561,kangding,30.0513,101.9603,63.64,99,100,2.51,CN,1720635370
562,lammi,61.0833,25.0167,67.21,57,47,4.94,FI,1720635372
563,alta,69.9689,23.2717,56.46,62,0,9.22,NO,1720635373
564,serenje,-13.2325,30.2352,54.25,27,0,6.02,ZM,1720635374
565,dapa,9.7594,126.0531,81.27,81,100,4.94,PH,1720635376
566,kamikawa,43.84,142.7711,57.47,86,100,4.27,JP,1720635377
567,mili,6.0815,171.735,83.25,79,47,16.24,MH,1720635379
568,machico,32.7,-16.7667,79.72,79,20,12.66,PT,1720635380
569,toktogul,41.8708,72.9402,66.92,62,27,0.81,KG,1720635381
570,colares,38.7992,-9.4469,79.57,79,20,6.91,PT,1720635383
571,cannonvale,-20.2833,148.7,67.39,93,21,10.31,AU,1720635384
572,yarmouth,41.7057,-70.2286,84.18,82,100,18.41,US,1720635386
573,laojunmiao,39.8333,97.7333,70.59,41,58,13.42,CN,1720635387
574,ruyigi,-3.45,30.3167,64.99,46,26,3.65,BI,1720635388
